{
  "name": "Demo",
  "description": "When there is a new API request, do action",
  "version": 3,
  "private": true,
  "concurrency": 1,
  "code": {
    "number": 0,
    "provider": "workato_api_platform",
    "name": "receive_request",
    "as": "dbec0775",
    "title": null,
    "description": null,
    "keyword": "trigger",
    "dynamicPickListSelection": {
      "response.responses.0.http_status_code": "200 - OK"
    },
    "toggleCfg": {
      "response.responses.0.http_status_code": true
    },
    "input": {
      "request": {
        "content_type": "json"
      },
      "response": {
        "content_type": "json",
        "responses": [
          {
            "name": "Success",
            "http_status_code": "200",
            "body_schema": "[{\"name\":\"status\",\"type\":\"string\",\"optional\":false,\"control_type\":\"text\",\"label\":\"Status\"}]"
          }
        ]
      }
    },
    "extended_output_schema": [
      {
        "label": "Context",
        "name": "context",
        "properties": [
          {
            "control_type": "text",
            "label": "Calling IP address",
            "optional": true,
            "type": "string",
            "name": "calling_ip"
          },
          {
            "properties": [
              {
                "control_type": "integer",
                "label": "Access profile ID",
                "parse_output": "integer_conversion",
                "optional": true,
                "type": "integer",
                "name": "id"
              },
              {
                "control_type": "text",
                "label": "Access profile name",
                "optional": true,
                "type": "string",
                "name": "name"
              },
              {
                "control_type": "text",
                "label": "Access profile authentication type",
                "optional": true,
                "type": "string",
                "name": "type"
              }
            ],
            "label": "Access profile",
            "type": "object",
            "name": "access_profile"
          },
          {
            "properties": [
              {
                "control_type": "text",
                "label": "API client ID",
                "optional": true,
                "type": "string",
                "name": "id"
              },
              {
                "control_type": "text",
                "label": "API client name",
                "optional": true,
                "type": "string",
                "name": "name"
              }
            ],
            "label": "API client",
            "type": "object",
            "name": "client"
          },
          {
            "properties": [
              {
                "control_type": "integer",
                "label": "Issued At",
                "render_input": "date_time_conversion",
                "parse_output": "date_time_conversion",
                "optional": true,
                "type": "date_time",
                "name": "iat"
              },
              {
                "control_type": "integer",
                "label": "Not Before",
                "render_input": "date_time_conversion",
                "parse_output": "date_time_conversion",
                "optional": true,
                "type": "date_time",
                "name": "nbf"
              },
              {
                "control_type": "integer",
                "label": "Expiration Time",
                "render_input": "date_time_conversion",
                "parse_output": "date_time_conversion",
                "optional": true,
                "type": "date_time",
                "name": "exp"
              },
              {
                "control_type": "text",
                "label": "Audience",
                "optional": true,
                "type": "string",
                "name": "aud"
              },
              {
                "control_type": "text",
                "label": "JWT ID",
                "optional": true,
                "type": "string",
                "name": "jti"
              },
              {
                "control_type": "text",
                "label": "Issuer",
                "optional": true,
                "type": "string",
                "name": "iss"
              }
            ],
            "label": "JWT claims",
            "type": "object",
            "name": "jwt_payload"
          }
        ],
        "type": "object"
      }
    ],
    "block": [
      {
        "number": 1,
        "provider": "workato_api_platform",
        "name": "return_response",
        "as": "f2fb8a73",
        "title": null,
        "description": "<span class=\"step-statement\">Return</span> <span class=\"provider\">Success</span>",
        "keyword": "action",
        "dynamicPickListSelection": {
        },
        "toggleCfg": {
        },
        "input": {
          "http_status_code": "200",
          "response": {
            "status": "Success"
          }
        },
        "extended_output_schema": [
          {
            "change_on_blur": true,
            "control_type": "select",
            "extends_schema": true,
            "label": "Response",
            "name": "http_status_code",
            "pick_list": [
              [
                "Success",
                "200"
              ]
            ],
            "type": "string"
          },
          {
            "label": "Response body",
            "name": "response",
            "properties": [
              {
                "control_type": "text",
                "label": "Status",
                "name": "status",
                "type": "string",
                "optional": false
              }
            ],
            "type": "object"
          }
        ],
        "extended_input_schema": [
          {
            "change_on_blur": true,
            "control_type": "select",
            "extends_schema": true,
            "label": "Response",
            "name": "http_status_code",
            "pick_list": [
              [
                "Success",
                "200"
              ]
            ],
            "type": "string"
          },
          {
            "label": "Response body",
            "name": "response",
            "properties": [
              {
                "control_type": "text",
                "label": "Status",
                "name": "status",
                "type": "string",
                "optional": false
              }
            ],
            "type": "object"
          }
        ],
        "uuid": "5ffd8785-2972-4dd4-87f3-f951ff1f9454"
      }
    ],
    "comment": "Define the request and response parameters for this API endpoint",
    "uuid": "1884a94d-42a3-4972-b679-6d08b9882f0c",
    "unfinished": false
  },
  "config": [
    {
      "keyword": "application",
      "provider": "workato_api_platform",
      "skip_validation": false,
      "account_id": null
    }
  ]
}